Number,Date,Natural_Gas_Price,S&P_500_Price
0,2/2/2024,2.079,"4,958.61"
1,1/2/2024,2.05,"4,906.19"
2,31-01-2024,2.1,"4,848.87"
3,30-01-2024,2.077,"4,924.97"
4,29-01-2024,2.49,"4,927.93"
5,26-01-2024,2.712,"4,890.97"
6,25-01-2024,2.571,"4,894.16"
7,24-01-2024,2.641,"4,868.55"
8,23-01-2024,2.45,"4,864.60"
9,22-01-2024,2.419,"4,850.43"
10,19-01-2024,2.519,"4,839.81"
11,18-01-2024,2.697,"4,780.94"
12,17-01-2024,2.87,"4,739.21"
13,16-01-2024,2.9,"4,762.85"
14,12/1/2024,3.313,"4,783.83"
15,11/1/2024,3.097,"4,780.24"
16,10/1/2024,3.039,"4,783.45"
17,9/1/2024,3.19,"4,756.50"
18,8/1/2024,2.98,"4,763.54"
19,5/1/2024,2.893,"4,697.24"
20,4/1/2024,2.821,"4,688.68"
21,3/1/2024,2.668,"4,704.81"
22,2/1/2024,2.568,"4,742.83"
23,29-12-2023,2.514,"4,769.83"
24,28-12-2023,2.557,"4,783.35"
25,27-12-2023,2.619,"4,781.58"
26,26-12-2023,2.55,"4,774.75"
27,22-12-2023,2.61,"4,754.63"
28,21-12-2023,2.572,"4,746.75"
29,20-12-2023,2.447,"4,701.19"
30,19-12-2023,2.492,"4,768.37"
31,18-12-2023,2.503,"4,740.56"
32,15-12-2023,2.491,"4,719.19"
33,14-12-2023,2.392,"4,719.55"
34,13-12-2023,2.335,"4,707.09"
35,12/12/2023,2.311,"4,643.70"
36,11/12/2023,2.35,"4,622.44"
37,8/12/2023,2.504,"4,604.37"
38,7/12/2023,2.52,"4,585.59"
39,6/12/2023,2.517,"4,549.34"
40,5/12/2023,2.667,"4,567.18"
41,4/12/2023,2.651,"4,569.78"
42,1/12/2023,2.773,"4,594.63"
43,30-11-2023,2.802,"4,567.78"
44,29-11-2023,2.804,"4,550.58"
45,28-11-2023,2.706,"4,554.89"
46,27-11-2023,2.794,"4,550.43"
47,24-11-2023,2.855,"4,559.34"
48,22-11-2023,2.897,"4,556.62"
49,21-11-2023,2.846,"4,538.19"
50,20-11-2023,2.882,"4,547.38"
51,17-11-2023,3.131,"4,514.02"
52,16-11-2023,3.239,"4,508.24"
53,15-11-2023,3.362,"4,502.88"
54,14-11-2023,3.106,"4,495.70"
55,13-11-2023,3.197,"4,411.55"
56,10/11/2023,3.033,"4,415.24"
57,9/11/2023,3.041,"4,347.35"
58,8/11/2023,3.106,"4,382.78"
59,7/11/2023,3.14,"4,378.38"
60,6/11/2023,3.264,"4,365.98"
61,3/11/2023,3.515,"4,358.34"
62,2/11/2023,3.472,"4,317.78"
63,1/11/2023,3.494,"4,237.86"
64,31-10-2023,3.575,"4,193.80"
65,30-10-2023,3.352,"4,166.82"
66,27-10-2023,3.164,"4,117.37"
67,26-10-2023,3.214,"4,137.23"
68,25-10-2023,3.01,"4,186.77"
69,24-10-2023,2.971,"4,247.68"
70,23-10-2023,2.926,"4,217.04"
71,20-10-2023,2.899,"4,224.16"
72,19-10-2023,2.957,"4,278.00"
73,18-10-2023,3.056,"4,314.60"
74,17-10-2023,3.079,"4,373.20"
75,16-10-2023,3.109,"4,373.63"
76,13-10-2023,3.236,"4,327.78"
77,12/10/2023,3.344,"4,349.61"
78,11/10/2023,3.377,"4,376.95"
79,10/10/2023,3.382,"4,358.24"
80,9/10/2023,3.376,"4,335.66"
81,6/10/2023,3.338,"4,308.50"
82,5/10/2023,3.166,"4,258.19"
83,4/10/2023,2.962,"4,263.75"
84,3/10/2023,2.949,"4,229.45"
85,2/10/2023,2.84,"4,288.39"
86,29-09-2023,2.929,"4,288.05"
87,28-09-2023,2.945,"4,299.70"
88,27-09-2023,2.764,"4,274.51"
89,26-09-2023,2.656,"4,273.53"
90,25-09-2023,2.639,"4,337.44"
91,22-09-2023,2.637,"4,320.06"
92,21-09-2023,2.61,"4,330.00"
93,20-09-2023,2.733,"4,402.20"
94,19-09-2023,2.848,"4,443.95"
95,18-09-2023,2.728,"4,453.53"
96,15-09-2023,2.644,"4,450.32"
97,14-09-2023,2.708,"4,505.10"
98,13-09-2023,2.68,"4,467.44"
99,12/9/2023,2.743,"4,461.90"
100,11/9/2023,2.608,"4,487.46"
101,8/9/2023,2.605,"4,457.49"
102,7/9/2023,2.579,"4,451.14"
103,6/9/2023,2.51,"4,465.48"
104,5/9/2023,2.582,"4,496.83"
105,1/9/2023,2.765,"4,515.77"
106,31-08-2023,2.768,"4,507.66"
107,30-08-2023,2.796,"4,514.87"
108,29-08-2023,2.556,"4,497.63"
109,28-08-2023,2.579,"4,433.31"
110,25-08-2023,2.54,"4,405.71"
111,24-08-2023,2.519,"4,376.31"
112,23-08-2023,2.497,"4,436.01"
113,22-08-2023,2.56,"4,387.55"
114,21-08-2023,2.632,"4,399.77"
115,18-08-2023,2.551,"4,369.71"
116,17-08-2023,2.621,"4,370.36"
117,16-08-2023,2.592,"4,404.33"
118,15-08-2023,2.659,"4,437.86"
119,14-08-2023,2.795,"4,489.72"
120,11/8/2023,2.77,"4,464.05"
121,10/8/2023,2.763,"4,468.83"
122,9/8/2023,2.959,"4,467.71"
123,8/8/2023,2.777,"4,499.38"
124,7/8/2023,2.725,"4,518.44"
125,4/8/2023,2.577,"4,478.03"
126,3/8/2023,2.565,"4,501.89"
127,2/8/2023,2.477,"4,513.39"
128,1/8/2023,2.56,"4,576.73"
129,31-07-2023,2.634,"4,588.96"
130,28-07-2023,2.638,"4,582.23"
131,27-07-2023,2.492,"4,537.41"
132,26-07-2023,2.665,"4,566.75"
133,25-07-2023,2.73,"4,567.46"
134,24-07-2023,2.685,"4,554.64"
135,21-07-2023,2.707,"4,536.34"
136,20-07-2023,2.731,"4,534.87"
137,19-07-2023,2.585,"4,565.72"
138,18-07-2023,2.618,"4,554.98"
139,17-07-2023,2.504,"4,522.79"
140,14-07-2023,2.53,"4,505.42"
141,13-07-2023,2.534,"4,510.04"
142,12/7/2023,2.597,"4,472.16"
143,11/7/2023,2.731,"4,439.26"
144,10/7/2023,2.669,"4,409.53"
145,7/7/2023,2.582,"4,398.95"
146,6/7/2023,2.609,"4,411.59"
147,5/7/2023,2.657,"4,446.82"
148,3/7/2023,2.709,"4,455.59"
149,30-06-2023,2.798,"4,450.38"
150,29-06-2023,2.701,"4,396.44"
151,28-06-2023,2.603,"4,376.86"
152,27-06-2023,2.763,"4,378.41"
153,26-06-2023,2.791,"4,328.82"
154,23-06-2023,2.729,"4,348.33"
155,22-06-2023,2.608,"4,381.89"
156,21-06-2023,2.597,"4,365.69"
157,20-06-2023,2.492,"4,388.71"
158,16-06-2023,2.632,"4,409.59"
159,15-06-2023,2.533,"4,425.84"
160,14-06-2023,2.342,"4,372.59"
161,13-06-2023,2.34,"4,369.01"
162,12/6/2023,2.266,"4,338.93"
163,9/6/2023,2.254,"4,298.86"
164,8/6/2023,2.352,"4,293.93"
165,7/6/2023,2.329,"4,267.52"
166,6/6/2023,2.262,"4,283.85"
167,5/6/2023,2.245,"4,273.79"
168,2/6/2023,2.172,"4,282.37"
169,1/6/2023,2.158,"4,221.02"
170,31-05-2023,2.266,"4,179.83"
171,30-05-2023,2.327,"4,205.52"
172,26-05-2023,2.181,"4,205.45"
173,25-05-2023,2.307,"4,151.28"
174,24-05-2023,2.398,"4,115.24"
175,23-05-2023,2.321,"4,145.58"
176,22-05-2023,2.4,"4,192.63"
177,19-05-2023,2.585,"4,191.98"
178,18-05-2023,2.592,"4,198.05"
179,17-05-2023,2.365,"4,158.77"
180,16-05-2023,2.376,"4,109.90"
181,15-05-2023,2.375,"4,136.28"
182,12/5/2023,2.438,"4,124.08"
183,11/5/2023,2.345,"4,130.62"
184,10/5/2023,2.191,"4,137.64"
185,9/5/2023,2.267,"4,119.17"
186,8/5/2023,2.238,"4,138.12"
187,5/5/2023,2.137,"4,136.25"
188,4/5/2023,2.101,"4,061.22"
189,3/5/2023,2.17,"4,090.75"
190,2/5/2023,2.214,"4,119.58"
191,1/5/2023,2.318,"4,167.87"
192,28-04-2023,2.41,"4,169.48"
193,27-04-2023,2.355,"4,135.35"
194,26-04-2023,2.117,"4,055.99"
195,25-04-2023,2.307,"4,071.63"
196,24-04-2023,2.273,"4,137.04"
197,21-04-2023,2.233,"4,133.52"
198,20-04-2023,2.249,"4,129.79"
199,19-04-2023,2.222,"4,154.52"
200,18-04-2023,2.366,"4,154.87"
201,17-04-2023,2.275,"4,151.32"
202,14-04-2023,2.114,"4,137.64"
203,13-04-2023,2.007,"4,146.22"
204,12/4/2023,2.093,"4,091.95"
205,11/4/2023,2.186,"4,108.94"
206,10/4/2023,2.172,"4,109.11"
207,6/4/2023,2.011,"4,105.02"
208,5/4/2023,2.155,"4,090.38"
209,4/4/2023,2.106,"4,100.60"
210,3/4/2023,2.097,"4,124.51"
211,31-03-2023,2.216,"4,109.31"
212,30-03-2023,2.104,"4,050.83"
213,29-03-2023,1.991,"4,027.81"
214,28-03-2023,2.03,"3,971.27"
215,27-03-2023,2.088,"3,977.53"
216,24-03-2023,2.361,"3,970.99"
217,23-03-2023,2.283,"3,948.72"
218,22-03-2023,2.307,"3,936.97"
219,21-03-2023,2.485,"4,002.87"
220,20-03-2023,2.331,"3,951.57"
221,17-03-2023,2.446,"3,916.64"
222,16-03-2023,2.626,"3,960.28"
223,15-03-2023,2.546,"3,891.93"
224,14-03-2023,2.573,"3,920.56"
225,13-03-2023,2.606,"3,855.76"
226,10/3/2023,2.43,"3,861.59"
227,9/3/2023,2.543,"3,918.32"
228,8/3/2023,2.551,"3,992.01"
229,7/3/2023,2.687,"3,986.37"
230,6/3/2023,2.572,"4,048.42"
231,3/3/2023,3.009,"4,045.64"
232,2/3/2023,2.765,"3,981.35"
233,1/3/2023,2.811,"3,951.39"
234,28-02-2023,2.747,"3,970.15"
235,27-02-2023,2.731,"3,982.24"
236,24-02-2023,2.451,"3,970.04"
237,23-02-2023,2.314,"4,012.32"
238,22-02-2023,2.174,"3,991.05"
239,21-02-2023,2.177,"3,997.34"
240,17-02-2023,2.352,"4,079.09"
241,16-02-2023,2.485,"4,090.41"
242,15-02-2023,2.555,"4,147.60"
243,14-02-2023,2.652,"4,136.13"
244,13-02-2023,2.499,"4,137.29"
245,10/2/2023,2.607,"4,090.46"
246,9/2/2023,2.492,"4,081.50"
247,8/2/2023,2.477,"4,117.86"
248,7/2/2023,2.664,"4,164.00"
249,6/2/2023,2.535,"4,111.08"
250,3/2/2023,2.48,"4,136.48"
251,2/2/2023,2.522,"4,179.76"
252,1/2/2023,2.536,"4,119.21"
253,31-01-2023,2.741,"4,076.60"
254,30-01-2023,2.731,"4,017.77"
255,27-01-2023,2.849,"4,070.56"
256,26-01-2023,2.848,"4,060.43"
257,25-01-2023,2.915,"4,016.22"
258,24-01-2023,3.057,"4,016.95"
259,23-01-2023,3.222,"4,019.81"
260,20-01-2023,3.174,"3,972.61"
261,19-01-2023,3.275,"3,898.85"
262,18-01-2023,3.311,"3,928.86"
263,17-01-2023,3.586,"3,990.97"
264,13-01-2023,3.419,"3,999.09"
265,12/1/2023,3.695,"3,983.17"
266,11/1/2023,3.671,"3,969.61"
267,10/1/2023,3.639,"3,919.25"
268,9/1/2023,3.91,"3,892.09"
269,6/1/2023,3.71,"3,895.08"
270,5/1/2023,3.72,"3,808.10"
271,4/1/2023,4.172,"3,852.97"
272,3/1/2023,3.988,"3,824.14"
273,30-12-2022,4.475,"3,839.50"
274,29-12-2022,4.559,"3,849.28"
275,28-12-2022,4.709,"3,783.22"
276,27-12-2022,5.282,"3,829.25"
277,23-12-2022,4.98,"3,844.82"
278,22-12-2022,4.928,"3,822.39"
279,21-12-2022,5.238,"3,878.44"
280,20-12-2022,5.216,"3,821.62"
281,19-12-2022,5.71,"3,817.66"
282,16-12-2022,6.303,"3,852.36"
283,15-12-2022,6.589,"3,895.75"
284,14-12-2022,6.22,"3,995.32"
285,13-12-2022,6.733,"4,019.65"
286,12/12/2022,6.416,"3,990.56"
287,9/12/2022,6.082,"3,934.38"
288,8/12/2022,5.82,"3,963.51"
289,7/12/2022,5.617,"3,933.92"
290,6/12/2022,5.378,"3,941.26"
291,5/12/2022,5.484,"3,998.84"
292,2/12/2022,6.169,"4,071.70"
293,1/12/2022,6.738,"4,076.57"
294,30-11-2022,6.93,"4,080.11"
295,29-11-2022,7.235,"3,957.63"
296,28-11-2022,6.712,"3,963.94"
297,25-11-2022,7.024,"4,026.12"
298,23-11-2022,7.308,"4,027.26"
299,22-11-2022,6.779,"4,003.58"
300,21-11-2022,6.776,"3,949.94"
301,18-11-2022,6.303,"3,965.34"
302,17-11-2022,6.369,"3,946.56"
303,16-11-2022,6.2,"3,958.79"
304,15-11-2022,6.034,"3,991.73"
305,14-11-2022,5.933,"3,957.25"
306,11/11/2022,5.879,"3,992.93"
307,10/11/2022,6.239,"3,956.37"
308,9/11/2022,5.865,"3,748.57"
309,8/11/2022,6.138,"3,828.11"
310,7/11/2022,6.944,"3,806.80"
311,4/11/2022,6.4,"3,770.55"
312,3/11/2022,5.975,"3,719.89"
313,2/11/2022,6.268,"3,759.69"
314,1/11/2022,5.714,"3,856.10"
315,31-10-2022,6.355,"3,871.98"
316,28-10-2022,5.684,"3,901.06"
317,27-10-2022,5.186,"3,807.30"
318,26-10-2022,5.606,"3,830.60"
319,25-10-2022,5.613,"3,859.11"
320,24-10-2022,5.199,"3,797.34"
321,21-10-2022,4.959,"3,752.75"
322,20-10-2022,5.358,"3,665.78"
323,19-10-2022,5.462,"3,695.16"
324,18-10-2022,5.745,"3,719.98"
325,17-10-2022,5.999,"3,677.95"
326,14-10-2022,6.453,"3,583.07"
327,13-10-2022,6.741,"3,669.91"
328,12/10/2022,6.435,"3,577.03"
329,11/10/2022,6.596,"3,588.84"
330,10/10/2022,6.435,"3,612.39"
331,7/10/2022,6.748,"3,639.66"
332,6/10/2022,6.972,"3,744.52"
333,5/10/2022,6.93,"3,783.28"
334,4/10/2022,6.837,"3,790.93"
335,3/10/2022,6.47,"3,678.43"
336,30-09-2022,6.766,"3,585.62"
337,29-09-2022,6.874,"3,640.47"
338,28-09-2022,6.868,"3,719.04"
339,27-09-2022,6.76,"3,647.29"
340,26-09-2022,7.014,"3,655.04"
341,23-09-2022,6.992,"3,693.23"
342,22-09-2022,7.193,"3,757.99"
343,21-09-2022,7.827,"3,789.93"
344,20-09-2022,7.772,"3,855.93"
345,19-09-2022,7.752,"3,899.89"
346,16-09-2022,7.764,"3,873.33"
347,15-09-2022,8.324,"3,901.35"
348,14-09-2022,9.114,"3,946.01"
349,13-09-2022,8.284,"3,932.69"
350,12/9/2022,8.249,"4,110.41"
351,9/9/2022,7.996,"4,067.36"
352,8/9/2022,7.954,"4,006.18"
353,7/9/2022,7.842,"3,979.87"
354,2/9/2022,8.786,"3,924.26"
355,1/9/2022,9.262,"3,966.85"
356,31-08-2022,9.127,"3,955.00"
357,30-08-2022,9.042,"3,986.16"
358,29-08-2022,9.353,"4,030.61"
359,26-08-2022,9.296,"4,057.66"
360,25-08-2022,9.375,"4,199.12"
361,24-08-2022,9.3,"4,140.77"
362,23-08-2022,9.155,"4,128.73"
363,22-08-2022,9.647,"4,137.99"
364,19-08-2022,9.336,"4,228.48"
365,18-08-2022,9.188,"4,283.74"
366,17-08-2022,9.244,"4,274.04"
367,16-08-2022,9.329,"4,305.20"
368,15-08-2022,8.728,"4,297.14"
369,12/8/2022,8.768,"4,280.15"
370,11/8/2022,8.874,"4,207.27"
371,10/8/2022,8.202,"4,210.24"
372,9/8/2022,7.833,"4,122.47"
373,8/8/2022,7.589,"4,140.06"
374,5/8/2022,8.064,"4,145.19"
375,4/8/2022,8.122,"4,151.94"
376,3/8/2022,8.266,"4,155.17"
377,2/8/2022,7.706,"4,091.19"
378,1/8/2022,8.283,"4,118.63"
379,29-07-2022,8.229,"4,130.29"
380,28-07-2022,8.134,"4,072.43"
381,27-07-2022,8.554,"4,023.61"
382,26-07-2022,8.825,"3,921.05"
383,25-07-2022,8.571,"3,966.84"
384,22-07-2022,8.195,"3,961.63"
385,21-07-2022,7.815,"3,998.95"
386,20-07-2022,7.899,"3,959.90"
387,19-07-2022,7.15,"3,936.69"
388,18-07-2022,7.382,"3,830.85"
389,15-07-2022,6.926,"3,863.16"
390,14-07-2022,6.511,"3,790.38"
391,13-07-2022,6.589,"3,801.78"
392,12/7/2022,6.021,"3,818.80"
393,11/7/2022,6.319,"3,854.43"
394,8/7/2022,6.034,"3,899.38"
395,7/7/2022,6.297,"3,902.62"
396,6/7/2022,5.51,"3,845.08"
397,1/7/2022,5.73,"3,825.33"
398,30-06-2022,5.424,"3,785.38"
399,29-06-2022,6.498,"3,818.83"
400,28-06-2022,6.551,"3,821.55"
401,27-06-2022,6.501,"3,900.11"
402,24-06-2022,6.22,"3,911.74"
403,23-06-2022,6.239,"3,795.73"
404,22-06-2022,6.858,"3,759.89"
405,17-06-2022,6.944,"3,674.84"
406,16-06-2022,7.464,"3,666.77"
407,15-06-2022,7.42,"3,789.99"
408,14-06-2022,7.189,"3,735.48"
409,13-06-2022,8.609,"3,749.63"
410,10/6/2022,8.85,"3,900.86"
411,9/6/2022,8.963,"4,017.82"
412,8/6/2022,8.699,"4,115.77"
413,7/6/2022,9.293,"4,160.68"
414,6/6/2022,9.322,"4,121.43"
415,3/6/2022,8.523,"4,108.54"
416,2/6/2022,8.485,"4,176.82"
417,1/6/2022,8.696,"4,101.23"
418,27-05-2022,8.727,"4,158.24"
419,26-05-2022,8.908,"4,057.84"
420,25-05-2022,8.971,"3,978.73"
421,24-05-2022,8.796,"3,941.48"
422,23-05-2022,8.744,"3,973.75"
423,20-05-2022,8.083,"3,901.36"
424,19-05-2022,8.308,"3,900.79"
425,18-05-2022,8.368,"3,923.68"
426,17-05-2022,8.304,"4,088.85"
427,16-05-2022,7.956,"4,008.01"
428,13-05-2022,7.663,"4,023.89"
429,12/5/2022,7.739,"3,930.08"
430,11/5/2022,7.64,"3,935.18"
431,10/5/2022,7.385,"4,001.05"
432,9/5/2022,7.026,"3,991.24"
433,6/5/2022,8.043,"4,123.34"
434,5/5/2022,8.783,"4,152.38"
435,4/5/2022,8.415,"4,300.17"
436,3/5/2022,7.954,"4,175.48"
437,2/5/2022,7.475,"4,155.38"
438,29-04-2022,7.244,"4,131.93"
439,28-04-2022,6.888,"4,287.50"
440,27-04-2022,7.339,"4,183.96"
441,26-04-2022,6.85,"4,175.20"
442,25-04-2022,6.669,"4,296.12"
443,22-04-2022,6.534,"4,271.78"
444,21-04-2022,6.957,"4,393.66"
445,20-04-2022,6.937,"4,459.45"
446,19-04-2022,7.176,"4,462.21"
447,18-04-2022,7.82,"4,391.69"
448,14-04-2022,7.3,"4,392.59"
449,13-04-2022,6.997,"4,446.59"
450,12/4/2022,6.68,"4,397.45"
451,11/4/2022,6.643,"4,412.53"
452,8/4/2022,6.278,"4,488.28"
453,7/4/2022,6.359,"4,500.21"
454,6/4/2022,6.029,"4,481.15"
455,5/4/2022,6.032,"4,525.12"
456,4/4/2022,5.712,"4,582.64"
457,1/4/2022,5.72,"4,545.86"
458,31-03-2022,5.642,"4,530.41"
459,30-03-2022,5.605,"4,602.45"
460,29-03-2022,5.336,"4,631.60"
461,28-03-2022,5.508,"4,575.52"
462,25-03-2022,5.571,"4,543.04"
463,24-03-2022,5.401,"4,520.16"
464,23-03-2022,5.232,"4,456.23"
465,22-03-2022,5.187,"4,511.61"
466,21-03-2022,4.9,"4,461.18"
467,18-03-2022,4.863,"4,463.09"
468,17-03-2022,4.99,"4,411.67"
469,16-03-2022,4.748,"4,357.95"
470,15-03-2022,4.568,"4,262.45"
471,14-03-2022,4.658,"4,173.11"
472,11/3/2022,4.725,"4,204.31"
473,10/3/2022,4.631,"4,259.52"
474,9/3/2022,4.526,"4,277.88"
475,8/3/2022,4.527,"4,170.62"
476,7/3/2022,4.833,"4,201.09"
477,4/3/2022,5.016,"4,328.87"
478,3/3/2022,4.722,"4,363.49"
479,2/3/2022,4.762,"4,386.54"
480,1/3/2022,4.573,"4,306.26"
481,28-02-2022,4.402,"4,373.79"
482,25-02-2022,4.47,"4,384.62"
483,24-02-2022,4.568,"4,288.70"
484,23-02-2022,4.623,"4,225.50"
485,18-02-2022,4.431,"4,348.87"
486,17-02-2022,4.486,"4,380.26"
487,16-02-2022,4.717,"4,475.01"
488,15-02-2022,4.306,"4,471.07"
489,14-02-2022,4.195,"4,401.67"
490,11/2/2022,3.941,"4,418.64"
491,10/2/2022,3.959,"4,504.06"
492,9/2/2022,4.009,"4,587.18"
493,8/2/2022,4.248,"4,521.54"
494,7/2/2022,4.232,"4,483.87"
495,4/2/2022,4.572,"4,500.54"
496,3/2/2022,4.888,"4,477.44"
497,2/2/2022,5.501,"4,589.32"
498,1/2/2022,4.751,"4,546.54"
499,31-01-2022,4.874,"4,515.55"
500,28-01-2022,4.639,"4,431.85"
501,27-01-2022,4.283,"4,326.50"
502,26-01-2022,4.277,"4,349.93"
503,25-01-2022,4.053,"4,356.45"
504,24-01-2022,4.027,"4,410.13"
505,21-01-2022,3.999,"4,397.93"
506,20-01-2022,3.802,"4,482.73"
507,19-01-2022,4.031,"4,532.76"
508,14-01-2022,4.262,"4,662.85"
509,13-01-2022,4.27,"4,659.02"
510,12/1/2022,4.857,"4,726.35"
511,11/1/2022,4.249,"4,713.07"
512,10/1/2022,4.079,"4,670.29"
513,7/1/2022,3.916,"4,677.02"
514,6/1/2022,3.812,"4,696.05"
515,5/1/2022,3.882,"4,700.58"
516,4/1/2022,3.717,"4,793.54"
517,3/1/2022,3.815,"4,796.56"
518,31-12-2021,3.73,"4,766.18"
519,30-12-2021,3.561,"4,778.73"
520,29-12-2021,4.024,"4,793.06"
521,28-12-2021,4.055,"4,786.36"
522,27-12-2021,4.06,"4,791.19"
523,23-12-2021,3.731,"4,725.78"
524,22-12-2021,3.976,"4,696.56"
525,21-12-2021,3.869,"4,649.23"
526,20-12-2021,3.834,"4,568.02"
527,17-12-2021,3.69,"4,620.64"
528,16-12-2021,3.766,"4,668.67"
529,15-12-2021,3.802,"4,709.84"
530,14-12-2021,3.747,"4,634.09"
531,13-12-2021,3.794,"4,669.15"
532,10/12/2021,3.925,"4,712.02"
533,9/12/2021,3.814,"4,667.45"
534,8/12/2021,3.815,"4,701.21"
535,7/12/2021,3.708,"4,686.75"
536,6/12/2021,3.657,"4,591.67"
537,3/12/2021,4.132,"4,538.43"
538,2/12/2021,4.056,"4,577.10"
539,1/12/2021,4.258,"4,513.04"
540,30-11-2021,4.567,"4,567.00"
541,29-11-2021,4.854,"4,655.27"
542,24-11-2021,5.068,"4,701.46"
543,23-11-2021,4.967,"4,690.70"
544,22-11-2021,4.789,"4,682.95"
545,19-11-2021,5.065,"4,697.96"
546,18-11-2021,4.902,"4,706.64"
547,17-11-2021,4.816,"4,688.67"
548,16-11-2021,5.177,"4,700.90"
549,15-11-2021,5.017,"4,682.81"
550,12/11/2021,4.791,"4,682.85"
551,11/11/2021,5.149,"4,649.27"
552,10/11/2021,4.88,"4,646.71"
553,9/11/2021,4.979,"4,685.25"
554,8/11/2021,5.427,"4,701.70"
555,5/11/2021,5.516,"4,697.53"
556,4/11/2021,5.716,"4,680.06"
557,3/11/2021,5.67,"4,660.57"
558,2/11/2021,5.542,"4,630.65"
559,1/11/2021,5.186,"4,613.67"
560,29-10-2021,5.426,"4,605.38"
561,28-10-2021,5.782,"4,596.42"
562,27-10-2021,6.202,"4,551.68"
563,26-10-2021,5.882,"4,574.79"
564,25-10-2021,5.898,"4,566.48"
565,22-10-2021,5.28,"4,544.90"
566,21-10-2021,5.115,"4,549.78"
567,20-10-2021,5.17,"4,536.19"
568,19-10-2021,5.088,"4,519.63"
569,18-10-2021,4.989,"4,486.48"
570,15-10-2021,5.41,"4,471.37"
571,14-10-2021,5.687,"4,438.23"
572,13-10-2021,5.59,"4,363.80"
573,12/10/2021,5.505,"4,350.64"
574,11/10/2021,5.345,"4,361.19"
575,8/10/2021,5.565,"4,391.36"
576,7/10/2021,5.677,"4,399.76"
577,6/10/2021,5.675,"4,363.55"
578,5/10/2021,6.312,"4,345.72"
579,4/10/2021,5.766,"4,300.46"
580,1/10/2021,5.619,"4,357.05"
581,30-09-2021,5.867,"4,307.54"
582,29-09-2021,5.477,"4,359.46"
583,28-09-2021,5.841,"4,352.63"
584,27-09-2021,5.706,"4,443.11"
585,24-09-2021,5.14,"4,455.48"
586,23-09-2021,4.976,"4,448.98"
587,22-09-2021,4.805,"4,395.64"
588,21-09-2021,4.805,"4,354.18"
589,20-09-2021,4.985,"4,357.73"
590,17-09-2021,5.105,"4,432.99"
591,16-09-2021,5.335,"4,473.76"
592,15-09-2021,5.46,"4,480.70"
593,14-09-2021,5.26,"4,443.05"
594,13-09-2021,5.231,"4,468.73"
595,10/9/2021,4.938,"4,458.58"
596,9/9/2021,5.031,"4,493.28"
597,8/9/2021,4.914,"4,514.07"
598,3/9/2021,4.712,"4,535.43"
599,2/9/2021,4.641,"4,536.95"
600,1/9/2021,4.615,"4,524.09"
601,31-08-2021,4.377,"4,522.68"
602,30-08-2021,4.305,"4,528.79"
603,27-08-2021,4.37,"4,509.37"
604,26-08-2021,4.184,"4,469.91"
605,25-08-2021,3.897,"4,496.19"
606,24-08-2021,3.896,"4,486.23"
607,23-08-2021,3.945,"4,479.54"
608,20-08-2021,3.851,"4,441.67"
609,19-08-2021,3.83,"4,405.80"
610,18-08-2021,3.852,"4,400.27"
611,17-08-2021,3.837,"4,448.08"
612,16-08-2021,3.946,"4,479.66"
613,13-08-2021,3.861,"4,468.00"
614,12/8/2021,3.933,"4,460.84"
615,11/8/2021,4.059,"4,447.70"
616,10/8/2021,4.089,"4,436.75"
617,9/8/2021,4.06,"4,432.35"
618,6/8/2021,4.14,"4,436.52"
619,5/8/2021,4.14,"4,429.10"
620,4/8/2021,4.158,"4,402.68"
621,3/8/2021,4.027,"4,423.15"
622,2/8/2021,3.935,"4,387.11"
623,30-07-2021,3.914,"4,395.26"
624,29-07-2021,4.059,"4,419.15"
625,28-07-2021,4.044,"4,400.65"
626,27-07-2021,3.971,"4,401.46"
627,26-07-2021,4.102,"4,422.23"
628,23-07-2021,4.06,"4,411.80"
629,22-07-2021,4.003,"4,367.48"
630,21-07-2021,3.959,"4,358.69"
631,20-07-2021,3.876,"4,323.21"
632,19-07-2021,3.779,"4,258.63"
633,16-07-2021,3.674,"4,327.16"
634,15-07-2021,3.614,"4,360.03"
635,14-07-2021,3.66,"4,374.30"
636,13-07-2021,3.696,"4,369.21"
637,12/7/2021,3.749,"4,384.63"
638,9/7/2021,3.674,"4,369.55"
639,8/7/2021,3.688,"4,320.82"
640,7/7/2021,3.596,"4,358.13"
641,2/7/2021,3.7,"4,352.34"
642,1/7/2021,3.661,"4,319.94"
643,30-06-2021,3.65,"4,297.50"
644,29-06-2021,3.63,"4,291.80"
645,28-06-2021,3.617,"4,290.61"
646,25-06-2021,3.496,"4,280.70"
647,24-06-2021,3.418,"4,266.49"
648,23-06-2021,3.333,"4,241.84"
649,22-06-2021,3.258,"4,246.44"
650,21-06-2021,3.191,"4,224.79"
651,18-06-2021,3.215,"4,166.45"
652,17-06-2021,3.253,"4,221.86"
653,16-06-2021,3.251,"4,223.70"
654,15-06-2021,3.24,"4,246.59"
655,14-06-2021,3.352,"4,255.15"
656,11/6/2021,3.296,"4,247.44"
657,10/6/2021,3.149,"4,239.18"
658,9/6/2021,3.129,"4,219.55"
659,8/6/2021,3.128,"4,227.26"
660,7/6/2021,3.07,"4,226.52"
661,4/6/2021,3.097,"4,229.89"
662,3/6/2021,3.041,"4,192.85"
663,2/6/2021,3.075,"4,208.12"
664,28-05-2021,2.986,"4,204.11"
665,27-05-2021,2.958,"4,200.88"
666,26-05-2021,2.984,"4,195.99"
667,25-05-2021,2.913,"4,188.13"
668,24-05-2021,2.886,"4,197.05"
669,21-05-2021,2.906,"4,155.86"
670,20-05-2021,2.925,"4,159.12"
671,19-05-2021,2.964,"4,115.68"
672,18-05-2021,3.012,"4,127.83"
673,17-05-2021,3.109,"4,163.29"
674,14-05-2021,2.961,"4,173.85"
675,13-05-2021,2.973,"4,112.50"
676,12/5/2021,2.969,"4,063.04"
677,11/5/2021,2.955,"4,152.10"
678,10/5/2021,2.932,"4,188.43"
679,7/5/2021,2.958,"4,232.60"
680,6/5/2021,2.928,"4,201.62"
681,5/5/2021,2.938,"4,167.59"
682,4/5/2021,2.967,"4,164.66"
683,3/5/2021,2.966,"4,192.66"
684,30-04-2021,2.931,"4,181.17"
685,29-04-2021,2.911,"4,211.47"
686,28-04-2021,2.925,"4,183.18"
687,27-04-2021,2.873,"4,186.72"
688,26-04-2021,2.79,"4,187.62"
689,23-04-2021,2.73,"4,180.17"
690,22-04-2021,2.749,"4,134.98"
691,21-04-2021,2.692,"4,173.42"
692,20-04-2021,2.727,"4,134.94"
693,19-04-2021,2.749,"4,163.26"
694,16-04-2021,2.68,"4,185.47"
695,15-04-2021,2.658,"4,170.42"
696,14-04-2021,2.618,"4,124.66"
697,13-04-2021,2.619,"4,141.59"
698,12/4/2021,2.561,"4,127.99"
699,9/4/2021,2.526,"4,128.80"
700,8/4/2021,2.522,"4,097.17"
701,7/4/2021,2.52,"4,079.95"
702,6/4/2021,2.456,"4,073.94"
703,5/4/2021,2.511,"4,077.91"
704,1/4/2021,2.639,"4,019.87"
705,31-03-2021,2.608,"3,972.89"
706,30-03-2021,2.623,"3,958.55"
707,29-03-2021,2.586,"3,971.09"
708,26-03-2021,2.557,"3,974.54"
709,25-03-2021,2.57,"3,909.52"
710,24-03-2021,2.518,"3,889.14"
711,23-03-2021,2.508,"3,910.52"
712,22-03-2021,2.582,"3,940.59"
713,19-03-2021,2.535,"3,913.10"
714,18-03-2021,2.481,"3,915.46"
715,17-03-2021,2.528,"3,974.12"
716,16-03-2021,2.562,"3,962.71"
717,15-03-2021,2.484,"3,968.94"
718,12/3/2021,2.6,"3,943.34"
719,11/3/2021,2.668,"3,939.34"
720,10/3/2021,2.692,"3,898.81"
721,9/3/2021,2.662,"3,875.44"
722,8/3/2021,2.664,"3,821.35"
723,5/3/2021,2.701,"3,841.94"
724,4/3/2021,2.746,"3,768.47"
725,3/3/2021,2.816,"3,819.72"
726,2/3/2021,2.839,"3,870.29"
727,1/3/2021,2.777,"3,901.82"
728,26-02-2021,2.771,"3,811.15"
729,25-02-2021,2.777,"3,829.34"
730,24-02-2021,2.854,"3,925.43"
731,23-02-2021,2.879,"3,881.37"
732,22-02-2021,2.953,"3,876.50"
733,19-02-2021,3.069,"3,906.71"
734,18-02-2021,3.082,"3,913.97"
735,17-02-2021,3.219,"3,931.33"
736,12/2/2021,2.912,"3,934.83"
737,11/2/2021,2.868,"3,916.38"
738,10/2/2021,2.911,"3,909.88"
739,9/2/2021,2.835,"3,911.23"
740,8/2/2021,2.882,"3,915.59"
741,5/2/2021,2.863,"3,886.83"
742,4/2/2021,2.935,"3,871.74"
743,3/2/2021,2.789,"3,830.17"
744,2/2/2021,2.845,"3,826.31"
745,1/2/2021,2.85,"3,773.86"
746,29-01-2021,2.564,"3,714.24"
747,28-01-2021,2.664,"3,787.38"
748,27-01-2021,2.76,"3,750.77"
749,26-01-2021,2.656,"3,849.62"
750,25-01-2021,2.602,"3,855.36"
751,22-01-2021,2.446,"3,841.47"
752,21-01-2021,2.491,"3,853.07"
753,20-01-2021,2.539,"3,851.85"
754,15-01-2021,2.737,"3,768.25"
755,14-01-2021,2.666,"3,795.54"
756,13-01-2021,2.727,"3,809.84"
757,12/1/2021,2.753,"3,801.19"
758,11/1/2021,2.747,"3,799.61"
759,8/1/2021,2.7,"3,824.68"
760,7/1/2021,2.729,"3,803.79"
761,6/1/2021,2.716,"3,748.14"
762,5/1/2021,2.702,"3,726.86"
763,4/1/2021,2.581,"3,700.65"
764,31-12-2020,2.539,"3,756.07"
765,30-12-2020,2.422,"3,732.04"
766,29-12-2020,2.467,"3,727.04"
767,28-12-2020,2.305,"3,735.36"
768,24-12-2020,2.518,"3,703.06"
769,23-12-2020,2.608,"3,690.01"
770,22-12-2020,2.78,"3,687.26"
771,21-12-2020,2.705,"3,694.92"
772,18-12-2020,2.7,"3,709.41"
773,17-12-2020,2.636,"3,722.48"
774,16-12-2020,2.677,"3,701.17"
775,15-12-2020,2.682,"3,694.62"
776,14-12-2020,2.682,"3,647.49"
777,11/12/2020,2.591,"3,663.46"
778,10/12/2020,2.553,"3,668.10"
779,9/12/2020,2.442,"3,672.82"
780,8/12/2020,2.399,"3,702.25"
781,7/12/2020,2.406,"3,691.96"
782,4/12/2020,2.575,"3,699.12"
783,3/12/2020,2.507,"3,666.72"
784,2/12/2020,2.78,"3,669.01"
785,1/12/2020,2.88,"3,662.45"
786,30-11-2020,2.882,"3,621.63"
787,25-11-2020,2.896,"3,629.65"
788,24-11-2020,2.775,"3,635.41"
789,23-11-2020,2.711,"3,577.59"
790,20-11-2020,2.65,"3,557.54"
791,19-11-2020,2.592,"3,581.87"
792,18-11-2020,2.712,"3,567.79"
793,17-11-2020,2.692,"3,609.53"
794,16-11-2020,2.697,"3,626.91"
795,13-11-2020,2.995,"3,585.15"
796,12/11/2020,2.976,"3,537.01"
797,11/11/2020,3.031,"3,572.66"
798,10/11/2020,2.949,"3,545.53"
799,9/11/2020,2.859,"3,550.50"
800,6/11/2020,2.888,"3,509.44"
801,5/11/2020,2.942,"3,510.45"
802,4/11/2020,3.046,"3,443.44"
803,3/11/2020,3.059,"3,369.16"
804,2/11/2020,3.244,"3,310.24"
805,30-10-2020,3.354,"3,269.96"
806,29-10-2020,3.301,"3,310.11"
807,28-10-2020,2.996,"3,271.03"
808,27-10-2020,3.019,"3,390.68"
809,26-10-2020,3.024,"3,400.97"
810,23-10-2020,2.971,"3,465.39"
811,22-10-2020,3.007,"3,453.49"
812,21-10-2020,3.023,"3,435.56"
813,20-10-2020,2.913,"3,443.12"
814,19-10-2020,2.795,"3,426.92"
815,16-10-2020,2.773,"3,483.81"
816,15-10-2020,2.775,"3,483.34"
817,14-10-2020,2.636,"3,488.67"
818,13-10-2020,2.855,"3,511.93"
819,12/10/2020,2.881,"3,534.22"
820,9/10/2020,2.741,"3,477.13"
821,8/10/2020,2.627,"3,446.83"
822,7/10/2020,2.606,"3,419.45"
823,6/10/2020,2.52,"3,360.95"
824,5/10/2020,2.615,"3,408.63"
825,2/10/2020,2.438,"3,348.44"
826,1/10/2020,2.527,"3,380.80"
827,30-09-2020,2.527,"3,363.00"
828,29-09-2020,2.561,"3,335.47"
829,28-09-2020,2.101,"3,351.60"
830,25-09-2020,2.139,"3,298.46"
831,24-09-2020,2.248,"3,246.59"
832,23-09-2020,2.125,"3,236.92"
833,22-09-2020,1.834,"3,315.57"
834,21-09-2020,1.835,"3,281.06"
835,18-09-2020,2.048,"3,319.47"
836,17-09-2020,2.042,"3,357.01"
837,16-09-2020,2.267,"3,385.49"
838,15-09-2020,2.362,"3,401.20"
839,14-09-2020,2.31,"3,383.54"
840,11/9/2020,2.269,"3,340.97"
841,10/9/2020,2.323,"3,339.19"
842,9/9/2020,2.406,"3,398.96"
843,4/9/2020,2.588,"3,426.96"
844,3/9/2020,2.487,"3,455.06"
845,2/9/2020,2.486,"3,580.84"
846,1/9/2020,2.527,"3,526.65"
847,31-08-2020,2.63,"3,500.31"
848,28-08-2020,2.657,"3,508.01"
849,27-08-2020,2.579,"3,484.55"
850,26-08-2020,2.461,"3,478.73"
851,25-08-2020,2.489,"3,443.62"
852,24-08-2020,2.513,"3,431.28"
853,21-08-2020,2.448,"3,397.16"
854,20-08-2020,2.352,"3,385.51"
855,19-08-2020,2.426,"3,374.85"
856,18-08-2020,2.417,"3,389.78"
857,17-08-2020,2.339,"3,381.99"
858,14-08-2020,2.356,"3,372.85"
859,13-08-2020,2.182,"3,373.43"
860,12/8/2020,2.152,"3,380.35"
861,11/8/2020,2.171,"3,333.69"
862,10/8/2020,2.153,"3,360.47"
863,7/8/2020,2.238,"3,351.28"
864,6/8/2020,2.165,"3,349.16"
865,5/8/2020,2.191,"3,327.77"
866,4/8/2020,2.193,"3,306.51"
867,3/8/2020,2.101,"3,294.61"
868,31-07-2020,1.799,"3,271.12"
869,30-07-2020,1.829,"3,246.22"
870,29-07-2020,1.854,"3,258.44"
871,28-07-2020,1.8,"3,218.44"
872,27-07-2020,1.734,"3,239.41"
873,24-07-2020,1.808,"3,215.63"
874,23-07-2020,1.785,"3,235.66"
875,22-07-2020,1.681,"3,276.02"
876,21-07-2020,1.675,"3,257.30"
877,20-07-2020,1.641,"3,251.84"
878,17-07-2020,1.718,"3,224.73"
879,16-07-2020,1.723,"3,215.57"
880,15-07-2020,1.778,"3,226.56"
881,14-07-2020,1.746,"3,197.52"
882,13-07-2020,1.739,"3,155.22"
883,10/7/2020,1.805,"3,185.04"
884,9/7/2020,1.779,"3,152.05"
885,8/7/2020,1.824,"3,169.94"
886,7/7/2020,1.876,"3,145.32"
887,2/7/2020,1.734,"3,130.01"
888,1/7/2020,1.671,"3,115.86"
889,30-06-2020,1.751,"3,100.29"
890,29-06-2020,1.709,"3,053.24"
891,26-06-2020,1.495,"3,009.05"
892,25-06-2020,1.482,"3,083.76"
893,24-06-2020,1.597,"3,050.33"
894,23-06-2020,1.637,"3,131.29"
895,22-06-2020,1.664,"3,117.86"
896,19-06-2020,1.669,"3,097.74"
897,18-06-2020,1.638,"3,115.34"
898,17-06-2020,1.638,"3,113.49"
899,16-06-2020,1.614,"3,124.74"
900,15-06-2020,1.669,"3,066.59"
901,12/6/2020,1.731,"3,041.31"
902,11/6/2020,1.813,"3,002.10"
903,10/6/2020,1.78,"3,190.14"
904,9/6/2020,1.767,"3,207.18"
905,8/6/2020,1.789,"3,232.39"
906,5/6/2020,1.782,"3,193.93"
907,4/6/2020,1.822,"3,112.35"
908,3/6/2020,1.821,"3,122.87"
909,2/6/2020,1.777,"3,080.82"
910,1/6/2020,1.774,"3,055.73"
911,29-05-2020,1.849,"3,044.31"
912,28-05-2020,1.827,"3,029.73"
913,27-05-2020,1.722,"3,036.13"
914,22-05-2020,1.731,"2,955.45"
915,21-05-2020,1.71,"2,948.51"
916,20-05-2020,1.771,"2,971.61"
917,19-05-2020,1.83,"2,922.94"
918,18-05-2020,1.783,"2,953.91"
919,15-05-2020,1.646,"2,863.70"
920,14-05-2020,1.681,"2,852.50"
921,13-05-2020,1.616,"2,820.00"
922,12/5/2020,1.72,"2,870.12"
923,11/5/2020,1.826,"2,930.32"
924,8/5/2020,1.823,"2,929.80"
925,7/5/2020,1.894,"2,881.19"
926,6/5/2020,1.944,"2,848.42"
927,5/5/2020,2.134,"2,868.44"
928,4/5/2020,1.993,"2,842.74"
929,1/5/2020,1.89,"2,830.71"
930,30-04-2020,1.949,"2,912.43"
931,29-04-2020,1.869,"2,939.51"
932,28-04-2020,1.794,"2,863.39"
933,27-04-2020,1.819,"2,878.48"
934,24-04-2020,1.746,"2,836.74"
935,23-04-2020,1.815,"2,797.80"
936,22-04-2020,1.939,"2,799.31"
937,21-04-2020,1.821,"2,736.56"
938,20-04-2020,1.924,"2,823.16"
939,17-04-2020,1.753,"2,874.56"
940,16-04-2020,1.686,"2,799.55"
941,15-04-2020,1.598,"2,783.36"
942,14-04-2020,1.65,"2,846.06"
943,13-04-2020,1.724,"2,761.63"
944,9/4/2020,1.733,"2,789.82"
945,8/4/2020,1.783,"2,749.98"
946,7/4/2020,1.852,"2,659.41"
947,6/4/2020,1.731,"2,663.68"
948,3/4/2020,1.621,"2,488.65"
949,2/4/2020,1.552,"2,526.90"
950,1/4/2020,1.587,"2,470.50"
951,31-03-2020,1.64,"2,584.59"
952,30-03-2020,1.69,"2,626.65"
953,27-03-2020,1.634,"2,541.47"
954,26-03-2020,1.637,"2,630.07"
955,25-03-2020,1.659,"2,475.56"
956,24-03-2020,1.653,"2,447.33"
957,23-03-2020,1.602,"2,237.40"
958,20-03-2020,1.604,"2,304.92"
959,19-03-2020,1.654,"2,409.39"
960,18-03-2020,1.604,"2,398.10"
961,17-03-2020,1.729,"2,529.19"
962,16-03-2020,1.815,"2,386.13"
963,13-03-2020,1.869,"2,711.02"
964,12/3/2020,1.841,"2,480.64"
965,11/3/2020,1.878,"2,741.38"
966,10/3/2020,1.936,"2,882.23"
967,9/3/2020,1.778,"2,746.56"
968,6/3/2020,1.708,"2,972.37"
969,5/3/2020,1.772,"3,023.94"
970,4/3/2020,1.827,"3,130.12"
971,3/3/2020,1.8,"3,003.37"
972,2/3/2020,1.756,"3,090.23"
973,28-02-2020,1.684,"2,954.22"
974,27-02-2020,1.752,"2,978.76"
975,26-02-2020,1.821,"3,116.39"
976,25-02-2020,1.847,"3,128.21"
977,24-02-2020,1.827,"3,225.89"
978,21-02-2020,1.905,"3,337.75"
979,20-02-2020,1.92,"3,373.23"
980,19-02-2020,1.955,"3,386.15"
981,18-02-2020,1.981,"3,370.29"
982,14-02-2020,1.837,"3,380.16"
983,13-02-2020,1.826,"3,373.94"
984,12/2/2020,1.844,"3,379.45"
985,11/2/2020,1.788,"3,357.75"
986,10/2/2020,1.766,"3,352.09"
987,7/2/2020,1.858,"3,327.71"
988,6/2/2020,1.862,"3,345.78"
989,5/2/2020,1.861,"3,334.69"
990,4/2/2020,1.872,"3,297.59"
991,3/2/2020,1.819,"3,248.92"
992,31-01-2020,1.841,"3,225.52"
993,30-01-2020,1.829,"3,283.66"
994,29-01-2020,1.877,"3,273.40"
995,28-01-2020,1.934,"3,276.24"
996,27-01-2020,1.902,"3,243.63"
997,24-01-2020,1.893,"3,295.47"
998,23-01-2020,1.926,"3,325.54"
999,22-01-2020,1.905,"3,321.75"
1000,21-01-2020,1.895,"3,320.79"
1001,17-01-2020,2.003,"3,329.62"
1002,16-01-2020,2.077,"3,316.81"
1003,15-01-2020,2.12,"3,289.29"
1004,14-01-2020,2.187,"3,283.15"
1005,13-01-2020,2.182,"3,288.13"
1006,10/1/2020,2.202,"3,265.35"
1007,9/1/2020,2.166,"3,274.70"
1008,8/1/2020,2.141,"3,253.05"
1009,7/1/2020,2.162,"3,237.18"
1010,6/1/2020,2.135,"3,246.28"
1011,3/1/2020,2.13,"3,234.85"
1012,2/1/2020,2.122,"3,257.85"
1013,31-12-2019,2.189,"3,230.78"
1014,30-12-2019,2.186,"3,221.29"
1015,27-12-2019,2.158,"3,240.02"
1016,26-12-2019,2.294,"3,239.91"
1017,24-12-2019,2.172,"3,223.38"
1018,23-12-2019,2.214,"3,224.01"
1019,20-12-2019,2.328,"3,221.22"
1020,19-12-2019,2.273,"3,205.37"
1021,18-12-2019,2.286,"3,191.14"
1022,17-12-2019,2.319,"3,192.52"
1023,16-12-2019,2.341,"3,191.45"
1024,13-12-2019,2.296,"3,168.80"
1025,12/12/2019,2.328,"3,168.57"
1026,11/12/2019,2.243,"3,141.63"
1027,10/12/2019,2.264,"3,132.52"
1028,9/12/2019,2.232,"3,135.96"
1029,6/12/2019,2.334,"3,145.91"
1030,5/12/2019,2.427,"3,117.43"
1031,4/12/2019,2.399,"3,112.76"
1032,3/12/2019,2.441,"3,093.20"
1033,2/12/2019,2.329,"3,113.87"
1034,29-11-2019,2.281,"3,140.98"
1035,27-11-2019,2.501,"3,153.63"
1036,26-11-2019,2.47,"3,140.52"
1037,25-11-2019,2.531,"3,133.64"
1038,22-11-2019,2.665,"3,110.29"
1039,21-11-2019,2.567,"3,103.54"
1040,20-11-2019,2.559,"3,108.46"
1041,19-11-2019,2.51,"3,120.18"
1042,18-11-2019,2.566,"3,122.03"
1043,15-11-2019,2.688,"3,120.46"
1044,14-11-2019,2.647,"3,096.63"
1045,13-11-2019,2.6,"3,094.04"
1046,12/11/2019,2.621,"3,091.84"
1047,11/11/2019,2.637,"3,087.01"
1048,8/11/2019,2.789,"3,093.08"
1049,7/11/2019,2.772,"3,085.18"
1050,6/11/2019,2.828,"3,076.78"
1051,5/11/2019,2.862,"3,074.62"
1052,4/11/2019,2.821,"3,078.27"
1053,1/11/2019,2.714,"3,066.91"
1054,31-10-2019,2.633,"3,037.56"
1055,30-10-2019,2.691,"3,046.77"
1056,29-10-2019,2.597,"3,036.89"
1057,28-10-2019,2.446,"3,039.42"
1058,25-10-2019,2.3,"3,022.55"
1059,24-10-2019,2.316,"3,010.29"
1060,23-10-2019,2.282,"3,004.52"
1061,22-10-2019,2.272,"2,995.99"
1062,21-10-2019,2.238,"3,006.72"
1063,18-10-2019,2.32,"2,986.20"
1064,17-10-2019,2.318,"2,997.95"
1065,16-10-2019,2.303,"2,989.69"
1066,15-10-2019,2.339,"2,995.68"
1067,14-10-2019,2.28,"2,966.15"
1068,11/10/2019,2.214,"2,970.27"
1069,10/10/2019,2.218,"2,938.13"
1070,9/10/2019,2.234,"2,919.40"
1071,8/10/2019,2.288,"2,893.06"
1072,7/10/2019,2.303,"2,938.79"
1073,4/10/2019,2.352,"2,952.01"
1074,3/10/2019,2.329,"2,910.63"
1075,2/10/2019,2.247,"2,887.61"
1076,1/10/2019,2.283,"2,940.25"
1077,30-09-2019,2.33,"2,976.74"
1078,27-09-2019,2.404,"2,961.79"
1079,26-09-2019,2.428,"2,977.62"
1080,25-09-2019,2.502,"2,984.87"
1081,24-09-2019,2.503,"2,966.60"
1082,23-09-2019,2.527,"2,991.78"
1083,20-09-2019,2.534,"2,992.07"
1084,19-09-2019,2.538,"3,006.79"
1085,18-09-2019,2.637,"3,006.73"
1086,17-09-2019,2.668,"3,005.70"
1087,16-09-2019,2.681,"2,997.96"
1088,13-09-2019,2.614,"3,007.39"
1089,12/9/2019,2.574,"3,009.57"
1090,11/9/2019,2.552,"3,000.93"
1091,10/9/2019,2.58,"2,979.39"
1092,9/9/2019,2.585,"2,978.43"
1093,6/9/2019,2.496,"2,978.71"
1094,5/9/2019,2.435,"2,976.00"
1095,4/9/2019,2.445,"2,937.78"
1096,3/9/2019,2.358,"2,906.27"
1097,30-08-2019,2.285,"2,926.46"
1098,29-08-2019,2.296,"2,924.58"
1099,28-08-2019,2.251,"2,887.94"
1100,27-08-2019,2.202,"2,869.16"
1101,26-08-2019,2.23,"2,878.38"
1102,23-08-2019,2.152,"2,847.11"
1103,22-08-2019,2.159,"2,922.95"
1104,21-08-2019,2.17,"2,924.43"
1105,20-08-2019,2.218,"2,900.51"
1106,19-08-2019,2.21,"2,923.65"
1107,16-08-2019,2.2,"2,888.68"
1108,15-08-2019,2.232,"2,847.60"
1109,14-08-2019,2.143,"2,840.60"
1110,13-08-2019,2.147,"2,926.32"
1111,12/8/2019,2.105,"2,883.75"
1112,9/8/2019,2.119,"2,918.65"
1113,8/8/2019,2.128,"2,938.09"
1114,7/8/2019,2.083,"2,883.98"
1115,6/8/2019,2.111,"2,881.77"
1116,5/8/2019,2.07,"2,844.74"
1117,2/8/2019,2.121,"2,932.05"
1118,1/8/2019,2.202,"2,953.56"
1119,31-07-2019,2.233,"2,980.38"
1120,30-07-2019,2.137,"3,013.18"
1121,29-07-2019,2.141,"3,020.97"
1122,26-07-2019,2.169,"3,025.86"
1123,25-07-2019,2.244,"3,003.67"
1124,24-07-2019,2.22,"3,019.56"
1125,23-07-2019,2.3,"3,005.47"
1126,22-07-2019,2.312,"2,985.03"
1127,19-07-2019,2.251,"2,976.61"
1128,18-07-2019,2.287,"2,995.11"
1129,17-07-2019,2.304,"2,984.42"
1130,16-07-2019,2.306,"3,004.04"
1131,15-07-2019,2.408,"3,014.30"
1132,12/7/2019,2.453,"3,013.77"
1133,11/7/2019,2.416,"2,999.91"
1134,10/7/2019,2.444,"2,993.07"
1135,9/7/2019,2.425,"2,979.63"
1136,8/7/2019,2.403,"2,975.95"
1137,5/7/2019,2.418,"2,990.41"
1138,3/7/2019,2.29,"2,995.82"
1139,2/7/2019,2.24,"2,973.01"
1140,1/7/2019,2.267,"2,964.33"
1141,28-06-2019,2.308,"2,941.76"
1142,27-06-2019,2.324,"2,924.92"
1143,26-06-2019,2.291,"2,913.78"
1144,25-06-2019,2.308,"2,917.38"
1145,24-06-2019,2.303,"2,945.35"
1146,21-06-2019,2.186,"2,950.46"
1147,20-06-2019,2.185,"2,954.18"
1148,19-06-2019,2.276,"2,926.46"
1149,18-06-2019,2.328,"2,917.75"
1150,17-06-2019,2.386,"2,889.67"
1151,14-06-2019,2.387,"2,886.98"
1152,13-06-2019,2.325,"2,891.64"
1153,12/6/2019,2.386,"2,879.84"
1154,11/6/2019,2.399,"2,885.72"
1155,10/6/2019,2.357,"2,886.73"
1156,7/6/2019,2.337,"2,873.34"
1157,6/6/2019,2.324,"2,843.49"
1158,5/6/2019,2.378,"2,826.15"
1159,4/6/2019,2.416,"2,803.27"
1160,3/6/2019,2.403,"2,744.45"
1161,31-05-2019,2.454,"2,752.06"
1162,30-05-2019,2.547,"2,788.86"
1163,29-05-2019,2.633,"2,783.02"
1164,28-05-2019,2.582,"2,802.39"
1165,24-05-2019,2.598,"2,826.06"
1166,23-05-2019,2.578,"2,822.24"
1167,22-05-2019,2.543,"2,856.27"
1168,21-05-2019,2.613,"2,864.36"
1169,20-05-2019,2.673,"2,840.23"
1170,17-05-2019,2.631,"2,859.53"
1171,16-05-2019,2.639,"2,876.32"
1172,15-05-2019,2.601,"2,850.96"
1173,14-05-2019,2.659,"2,834.41"
1174,13-05-2019,2.621,"2,811.87"
1175,10/5/2019,2.619,"2,881.40"
1176,9/5/2019,2.595,"2,870.72"
1177,8/5/2019,2.61,"2,879.42"
1178,7/5/2019,2.537,"2,884.05"
1179,6/5/2019,2.524,"2,932.47"
1180,3/5/2019,2.567,"2,945.64"
1181,2/5/2019,2.589,"2,917.52"
1182,1/5/2019,2.62,"2,923.73"
1183,30-04-2019,2.575,"2,945.83"
1184,29-04-2019,2.593,"2,943.03"
1185,26-04-2019,2.566,"2,939.88"
1186,25-04-2019,2.514,"2,926.17"
1187,24-04-2019,2.462,"2,927.25"
1188,23-04-2019,2.455,"2,933.68"
1189,22-04-2019,2.524,"2,907.97"
1190,18-04-2019,2.49,"2,905.03"
1191,17-04-2019,2.517,"2,900.45"
1192,16-04-2019,2.572,"2,907.06"
1193,15-04-2019,2.59,"2,905.58"
1194,12/4/2019,2.66,"2,907.41"
1195,11/4/2019,2.664,"2,888.32"
1196,10/4/2019,2.7,"2,888.21"
1197,9/4/2019,2.699,"2,878.20"
1198,8/4/2019,2.708,"2,895.77"
1199,5/4/2019,2.664,"2,892.74"
1200,4/4/2019,2.643,"2,879.39"
1201,3/4/2019,2.677,"2,873.40"
1202,2/4/2019,2.684,"2,867.24"
1203,1/4/2019,2.708,"2,867.19"
1204,29-03-2019,2.662,"2,834.40"
1205,28-03-2019,2.712,"2,815.44"
1206,27-03-2019,2.713,"2,805.37"
1207,26-03-2019,2.74,"2,818.46"
1208,25-03-2019,2.755,"2,798.36"
1209,22-03-2019,2.753,"2,800.71"
1210,21-03-2019,2.821,"2,854.88"
1211,20-03-2019,2.82,"2,824.23"
1212,19-03-2019,2.874,"2,832.57"
1213,18-03-2019,2.85,"2,832.94"
1214,15-03-2019,2.795,"2,822.48"
1215,14-03-2019,2.855,"2,808.48"
1216,13-03-2019,2.82,"2,810.92"
1217,12/3/2019,2.784,"2,791.52"
1218,11/3/2019,2.772,"2,783.30"
1219,8/3/2019,2.865,"2,743.07"
1220,7/3/2019,2.866,"2,748.93"
1221,6/3/2019,2.841,"2,771.45"
1222,5/3/2019,2.884,"2,789.65"
1223,4/3/2019,2.857,"2,792.81"
1224,1/3/2019,2.859,"2,803.69"
1225,28-02-2019,2.812,"2,784.49"
1226,27-02-2019,2.799,"2,792.38"
1227,26-02-2019,2.855,"2,793.90"
1228,25-02-2019,2.836,"2,796.11"
1229,22-02-2019,2.717,"2,792.67"
1230,21-02-2019,2.697,"2,774.88"
1231,20-02-2019,2.636,"2,784.70"
1232,19-02-2019,2.662,"2,779.76"
1233,15-02-2019,2.625,"2,775.60"
1234,14-02-2019,2.573,"2,745.73"
1235,13-02-2019,2.575,"2,753.03"
1236,12/2/2019,2.688,"2,744.73"
1237,11/2/2019,2.642,"2,709.80"
1238,8/2/2019,2.583,"2,707.88"
1239,7/2/2019,2.551,"2,706.05"
1240,6/2/2019,2.662,"2,731.61"
1241,5/2/2019,2.662,"2,737.70"
1242,4/2/2019,2.66,"2,724.87"
